,quantile,avg_return
0,0,8.946770074500176
1,1,10.147953675528854
2,2,8.643791339924345
3,3,5.407916872378937
